{"name":"83c158df-fd04-4d86-be04-f5d3b8c02256","id":"/providers/Microsoft.Flow/flows/83c158df-fd04-4d86-be04-f5d3b8c02256","type":"Microsoft.Flow/flows","properties":{"apiId":"/providers/Microsoft.PowerApps/apis/shared_logicflows","displayName":"UploadImagesToSPLibrary","definition":{"metadata":{"workflowEntityId":null,"flowclientsuspensionreason":"None","flowclientsuspensiontime":null,"creator":{"id":"4c4c80f4-fb49-49c8-baba-721697f84089","type":"User","tenantId":"682f065d-d904-4d0b-8a78-811c5f27640a"},"provisioningMethod":"FromDefinition","failureAlertSubscription":true,"clientLastModifiedTime":"2021-02-11T03:59:42.0293723Z"},"$schema":"https://schema.management.azure.com/providers/Microsoft.Logic/schemas/2016-06-01/workflowdefinition.json#","contentVersion":"1.0.0.0","parameters":{"$connections":{"defaultValue":{},"type":"Object"},"$authentication":{"defaultValue":{},"type":"SecureObject"}},"triggers":{"manual":{"type":"Request","kind":"PowerApp","inputs":{"schema":{"type":"object","properties":{"ParseJSON_Content":{"type":"any","x-ms-powerflows-param-ispartial":false}},"required":["ParseJSON_Content"]}}}},"actions":{"Parse_JSON":{"runAfter":{},"type":"ParseJson","inputs":{"content":"@triggerBody()['ParseJSON_Content']","schema":{"type":"array","items":{"type":"object","properties":{"Name":{"type":"string"},"Pic":{"type":"string"},"ImgType":{"type":"string"}},"required":["Name","Pic","ImgType"]}}}},"Apply_to_each":{"foreach":"@body('Parse_JSON')","actions":{"Create_file":{"runAfter":{},"type":"OpenApiConnection","inputs":{"host":{"apiId":"/providers/Microsoft.PowerApps/apis/shared_sharepointonline","connectionName":"shared_sharepointonline","operationId":"CreateFile"},"parameters":{"dataset":"https://sistla.sharepoint.com/sites/NYC","folderPath":"/PicUploads","name":"@{items('Apply_to_each')['Name']}.@{items('Apply_to_each')['ImgType']}","body":"@decodeDataUri(item()['Pic'])"},"authentication":{"value":"@json(decodeBase64(triggerOutputs().headers['X-MS-APIM-Tokens']))['$ConnectionKey']","type":"Raw"}},"runtimeConfiguration":{"contentTransfer":{"transferMode":"Chunked"}}},"Update_file_properties":{"runAfter":{"Create_file":["Succeeded"]},"type":"OpenApiConnection","inputs":{"host":{"apiId":"/providers/Microsoft.PowerApps/apis/shared_sharepointonline","connectionName":"shared_sharepointonline","operationId":"PatchFileItem"},"parameters":{"dataset":"https://sistla.sharepoint.com/sites/NYC","table":"fa7181f7-f124-40c6-93a3-766ef8fbb089","id":"@outputs('Create_file')?['body/ItemId']","item/Title":"@items('Apply_to_each')['Name']"},"authentication":{"value":"@json(decodeBase64(triggerOutputs().headers['X-MS-APIM-Tokens']))['$ConnectionKey']","type":"Raw"}}}},"runAfter":{"Parse_JSON":["Succeeded"]},"type":"Foreach"},"Respond_to_a_PowerApp_or_flow":{"runAfter":{"Apply_to_each":["Succeeded"]},"type":"Response","kind":"PowerApp","inputs":{"statusCode":200,"body":{"flowstatus":"Success"},"schema":{"type":"object","properties":{"flowstatus":{"title":"FlowStatus","x-ms-dynamically-added":true,"type":"string"}}}}},"Respond_to_a_PowerApp_or_flow_2":{"runAfter":{"Respond_to_a_PowerApp_or_flow":["Failed","Skipped","TimedOut"]},"type":"Response","kind":"PowerApp","inputs":{"statusCode":200,"body":{"flowstatus":"Failed"},"schema":{"type":"object","properties":{"flowstatus":{"title":"FlowStatus","x-ms-dynamically-added":true,"type":"string"}}}}}},"outputs":{}},"connectionReferences":{"shared_sharepointonline":{"connectionName":"8e052e41abff4f3bb06c8b860ce476ce","source":"Invoker","id":"/providers/Microsoft.PowerApps/apis/shared_sharepointonline","tier":"NotSpecified"}},"flowFailureAlertSubscribed":false}}