{"schemaVersion":"1.0","appDefinitionTemplate":{"id":"/providers/Microsoft.PowerApps/apps/","type":"Microsoft.PowerApps/apps","tags":{"primaryDeviceWidth":"1366","primaryDeviceHeight":"768","sienaVersion":"20210212T053309Z-3.21013.30.0","deviceCapabilities":"","supportsPortrait":"false","supportsLandscape":"true","primaryFormFactor":"Tablet","publisherVersion":"3.21013.30","minimumRequiredApiVersion":"2.2.0","hasComponent":"false","hasUnlockedComponent":"false","isUnifiedRootApp":"false"},"properties":{"appVersion":"2021-02-12T05:33:09Z","lifeCycleId":"Published","createdByClientVersion":{"major":3,"minor":21013,"build":30,"revision":0,"majorRevision":0,"minorRevision":0},"minClientVersion":{"major":3,"minor":21013,"build":30,"revision":0,"majorRevision":0,"minorRevision":0},"backgroundColor":"rgba(0, 134, 208, 1)","backgroundImageUri":"/13642479179516117209/N8fc0c553-c882-411e-91fd-7609dc9a4442-logoSmallFile","displayName":"Deep Space","description":"","commitMessage":"","appUris":{"documentUri":{"value":"/13642479179516117209/N4bd5cec5-3134-4e47-b7d0-6b394ffe7140-document.msapp"},"imageUris":[]},"createdTime":"0001-01-01T00:00:00Z","lastModifiedTime":"0001-01-01T00:00:00Z","sharedGroupsCount":0,"sharedUsersCount":0,"icons":{"smallIconUri":"/13642479179516117209/Nab0babbe-b4ca-42d8-beea-18d7a0316949-small.png","mediumIconUri":"/13642479179516117209/Nd1029053-7c16-4354-a8fc-d5888dfac5fe-medium.png","largeIconUri":"/13642479179516117209/Naae90792-5c05-461f-b454-44117595c3b9-large.png","wideIconUri":"/13642479179516117209/Na20c3227-12fc-406f-b5d8-53cf982753c3-wide.png"},"connectionReferences":{"1b4a64bb-bd50-48df-bf8d-b3bdfa16c778":{"id":"8da27c7e-8547-4d64-8499-e63c95b4a232","displayName":"SharePoint","iconUri":"https://connectoricons-prod.azureedge.net/releases/v1.0.1431/1.0.1431.2301/sharepointonline/icon.png","dataSources":["Cats Vs Dogs","Netflix","Picture Uploads"],"dependencies":[],"dependents":["dddee13e-5905-4a30-8e8b-ba92b5d1e9fc"],"parameterHints":{},"isOnPremiseConnection":false,"bypassConsent":false,"dataSets":{"https://sistla.sharepoint.com/sites/NYC":{"dataSources":{"Cats Vs Dogs":{"tableName":"f96a8828-cb04-415d-bdc7-91b87898c92a"},"Netflix":{"tableName":"cd4a7f6f-b5dd-43f2-98a4-ef8b40ff706a"},"Picture Uploads":{"tableName":"fa7181f7-f124-40c6-93a3-766ef8fbb089"}}}},"apiTier":"Standard","isCustomApiConnection":false},"dddee13e-5905-4a30-8e8b-ba92b5d1e9fc":{"id":"d8fe143b-7923-40de-b687-16cc81c5f801","displayName":"Logic flows","iconUri":"https://connectoricons-prod.azureedge.net/releases/v1.0.1438/1.0.1438.2324/logicflows/icon.png","dataSources":["PowerApp->ParseJSON,Applytoeach,RespondtoaPowerApporflow,..."],"dependencies":["1b4a64bb-bd50-48df-bf8d-b3bdfa16c778"],"dependents":[],"parameterHints":{"workflowName":{"value":"19ca8c7f-e369-4930-8bfc-9a48838ad8b9"},"1b4a64bb-bd50-48df-bf8d-b3bdfa16c778":{"value":"shared_sharepointonline"}},"isOnPremiseConnection":false,"bypassConsent":false,"dataSets":{},"apiTier":"Standard","isCustomApiConnection":false,"actions":["Run"]},"803d427b-108d-485b-9a14-8a79bb172975":{"id":"2d25a940-d444-40d3-a8f2-712e61195e00","displayName":"Microsoft Translator","iconUri":"https://connectoricons-prod.azureedge.net/releases/v1.0.1391/1.0.1391.2130/microsofttranslator/icon.png","dataSources":["MicrosoftTranslator"],"dependencies":[],"dependents":[],"parameterHints":{},"isOnPremiseConnection":false,"sharedConnectionId":"d7c20a4e-5bce-43ad-a97f-d8363e91cc9f","bypassConsent":false,"dataSets":{},"apiTier":"Standard","isCustomApiConnection":false,"actions":["Languages","Translate"]},"9b767199-a982-460d-b6b2-8d06b0a9a161":{"id":"d8fe143b-7923-40de-b687-16cc81c5f801","displayName":"Logic flows","iconUri":"https://connectoricons-prod.azureedge.net/releases/v1.0.1438/1.0.1438.2324/logicflows/icon.png","dataSources":["RefreshPBIDataSet"],"dependencies":["69602842-cea3-4abf-942f-24392c73f559"],"dependents":[],"parameterHints":{"workflowName":{"value":"973d62d4-7db4-4514-aa2b-dd99fc693d2c"},"69602842-cea3-4abf-942f-24392c73f559":{"value":"shared_powerbi"}},"isOnPremiseConnection":false,"bypassConsent":false,"dataSets":{},"apiTier":"Standard","isCustomApiConnection":false,"actions":["Run"]},"69602842-cea3-4abf-942f-24392c73f559":{"id":"ec661039-ad38-49c3-b076-59b1f0f240d1","displayName":"Power BI","iconUri":"https://connectoricons-prod.azureedge.net/releases/v1.0.1434/1.0.1434.2314/powerbi/icon.png","dataSources":[],"dependencies":[],"dependents":["9b767199-a982-460d-b6b2-8d06b0a9a161"],"parameterHints":{},"isOnPremiseConnection":false,"bypassConsent":false,"dataSets":{},"apiTier":"Standard","isCustomApiConnection":false}},"databaseReferences":{},"almMode":"Environment","performanceOptimizationEnabled":true,"canConsumeAppPass":true,"executionRestrictions":{"isTeamsOnly":false,"dataLossPreventionEvaluationResult":{"status":"Compliant","lastEvaluationDate":"2021-02-06T23:57:39.6460724Z","violationDetails":[]}}},"isAppComponentLibrary":false,"appType":"ClassicCanvasApp","appComponents":[]}}